year,count,mean_residual,median_residual,std_residual,mean_age,se_residual
2020,82,0.12911926498246631,0.15464957281695163,0.12698993678029485,36.46341463414634,0.014023692514796245
2021,60,-0.0017602554353668832,-0.0016569543958150842,0.07166448605611062,31.966666666666665,0.009251845366994336
2022,169,0.15397623061466092,0.15972397999303517,0.12199643645432799,36.0887573964497,0.009384341265717537
